"","Displacement","Month","Year","Level","Temp","Rainfall"
"1",10.7,4,1986,0.782736082938923,12.5,0
"2",11.2,4,1986,0.781834572909625,3.25,0
"3",12.3,4,1986,0.843588009916612,6.875,3.5
"4",12.9,4,1986,0.888212756366916,6.25,0
"5",13.4,5,1986,0.924498535046204,13.25,0
"6",13.9,5,1986,0.95695289610097,8.25,0
"7",13.9,5,1986,0.96213657876944,9.25,9.5
"8",13.9,5,1986,0.961460446247466,8.125,5.7
"9",12.9,6,1986,0.964615731350013,14.75,0
"10",12.1,6,1986,0.963038088798738,15.75,0
"11",12.1,6,1986,0.965742618886635,14.5,1
"12",11.6,7,1986,0.965291863871986,14.75,0
"13",11.2,7,1986,0.955375253549698,13.875,3
"14",10.8,7,1986,0.944331755690784,11.25,4.5
"15",9.5,7,1986,0.930358350236648,19.875,0
"16",8.5,7,1986,0.91390579220194,18.5,0
"17",4.6,9,1986,0.835023664638271,18.5,0
"18",3.7,9,1986,0.800991661032231,18.375,0
"19",3.3,9,1986,0.7816091954023,16.5,0
"20",3.1,10,1986,0.756141537074601,17.25,0
"21",3.3,10,1986,0.731800766283525,8.5,5
"22",3.7,10,1986,0.706107730448502,8.875,0
"23",4.2,10,1986,0.681541582150102,10.25,0
"24",3.8,10,1986,0.65494703628578,13.625,0
"25",4.6,11,1986,0.631733153031329,0.5,7.5
"26",5.5,11,1986,0.640072120802346,5.5,0
"27",6,11,1986,0.625873337840886,8,0
"28",6.3,11,1986,0.598602659454588,1.5,0
"29",7,12,1986,0.577417173766058,0.25,0
"30",7.7,12,1986,0.557809330628803,-1,0
"31",7.9,12,1986,0.535046202389002,2.375,0
"32",8.3,1,1987,0.474194275411316,2.75,0
"33",8.4,1,1987,0.472165877845392,5,0
"34",8.4,1,1987,0.470362857786793,7.875,0
"35",8.6,1,1987,0.467883705206223,3.75,0
"36",8.6,2,1987,0.46540455262565,6.25,0
"37",8.6,2,1987,0.463150777552402,1.875,0
"38",8.7,2,1987,0.46022086995718,2.5,0
"39",9,2,1987,0.457741717376607,3.5,7.5
"40",8.7,3,1987,0.452332657200812,6.75,0
"41",7.5,3,1987,0.446472842010369,12.25,0
"42",7.8,3,1987,0.445120576966419,4,0
"43",6.7,3,1987,0.43903538426865,12.125,0
"44",7.2,4,1987,0.476222672977239,10,0
"45",6.8,4,1987,0.488843813387425,12,0
"46",6.9,4,1987,0.502591841334236,6.5,7.5
"47",8.4,4,1987,0.631507775524005,9.75,0
"48",8.2,5,1987,0.665990534144694,12.375,0
"49",9.3,5,1987,0.740365111561867,10.5,0
"50",9.5,5,1987,0.775073247689883,11.5,8
"51",9.6,5,1987,0.795131845841787,12.125,0
"52",9,6,1987,0.806175343700701,14,0
"53",7.6,6,1987,0.808654496281274,21.875,0
"54",7.1,6,1987,0.798061753437009,14.875,35
"55",10.2,7,1987,0.957854406130268,16.75,0
"56",9.7,7,1987,0.957629028622944,17,0
"57",9,7,1987,0.960108181203516,20,0
"58",9.1,7,1987,0.957629028622944,17.25,0
"59",8.8,7,1987,0.957178273608294,21.5,0
"60",8.4,8,1987,0.9517692134325,20.375,0
"61",8.2,8,1987,0.943881000676135,17.875,0
"62",7.2,8,1987,0.927428442641426,18.75,0
"63",7,9,1987,0.920441739914357,17,3.5
"64",6.3,9,1987,0.903989181879649,20,0
"65",6.7,9,1987,0.892269551498761,14.5,4
"66",7.1,10,1987,0.884606716249718,14,0
"67",7.3,10,1987,0.878070768537301,15.5,0
"68",6.9,10,1987,0.862294343024568,14.5,0
"69",6.9,10,1987,0.844940274960559,9.25,0
"70",6.9,10,1987,0.826233941852605,10.25,0
"71",6.9,11,1987,0.802569303583503,12,0
"72",7.4,11,1987,0.781158440387651,6.25,0
"73",7.7,11,1987,0.762452107279694,7.75,0
"74",7.9,11,1987,0.741491999098492,6,0
"75",8.5,12,1987,0.716024340770793,2.25,0
"76",8.6,12,1987,0.674554879423035,7.25,0
"77",9.1,12,1987,0.652918638719856,5.75,6
"78",9.1,12,1987,0.686499887311247,5.25,24.5
"79",10.4,1,1988,0.700698670272707,6.75,0
"80",10.6,1,1988,0.693486590038316,7.75,3.5
"81",13.5,1,1988,0.858012170385397,6.5,0
"82",14.5,1,1988,0.879423033581251,4,0
"83",14.5,2,1988,0.882578318683797,6.25,0.8
"84",15.8,2,1988,0.933513635339195,7,0
"85",16.4,2,1988,0.949966193373903,4,0
"86",16,3,1988,0.956502141086321,7.875,0
"87",16.7,3,1988,0.949515438359254,7.375,0
"88",16.2,3,1988,0.948613928329953,6.75,0
"89",16.2,3,1988,0.947261663286006,6.5,0
"90",16.4,3,1988,0.957403651115619,9.125,6.5
"91",16,4,1988,0.963488843813387,6.75,0
"92",16.1,4,1988,0.952670723461801,10.125,6.5
"93",15.7,4,1988,0.956051386071672,11.75,0
"94",15.3,5,1988,0.955149876042373,9.75,5
"95",15,5,1988,0.951543835925175,13,0
"96",14.5,5,1988,0.961235068740142,14.75,4
"97",13.9,5,1988,0.960784313725493,16.75,0
"98",13.8,6,1988,0.960784313725493,15.5,0
"99",13.7,6,1988,0.96213657876944,19.25,0
"100",13.4,6,1988,0.952219968447149,19.75,0
"101",12.8,7,1988,0.938246562993016,25.25,0
"102",9.6,7,1988,0.925850800090152,28.25,1.2
"103",8.5,7,1988,0.90827135451882,24.75,0
"104",8.5,7,1988,0.873788595898131,21.5,0
"105",6.5,9,1988,0.874464728420105,15,0
"106",7,9,1988,0.891368041469463,16.75,0
"107",6.3,9,1988,0.88370520622042,18.75,0
"108",6.4,9,1988,0.871309443317559,17.5,0
"109",6.5,9,1988,0.860942077980619,15,12.5
"110",6.8,10,1988,0.845616407482535,9,0
"111",7,10,1988,0.827811584403877,14,0
"112",7.2,10,1988,0.810006761325221,13.375,0
"113",7.9,10,1988,0.824430921794006,11.5,0
"114",7.9,11,1988,0.813612801442416,11.25,0
"115",9.4,11,1988,0.882352941176473,8,0
"116",10.3,11,1988,0.879648411088575,6.875,0
"117",11.3,11,1988,0.883254451205771,5.75,0
"118",11.8,12,1988,0.890917286454814,4.375,0
"119",12.7,12,1988,0.887085868830291,6.25,0
"120",13.3,12,1988,0.883930583727744,3.75,0
"121",13.6,12,1988,0.881226053639847,0.25,0
"122",13.8,12,1988,0.870407933288258,4.25,0
"123",14.2,1,1989,0.844264142438585,2.125,0
"124",14.4,1,1989,0.830065359477125,2.25,0
"125",14.2,1,1989,0.813387423935092,8.625,0
"126",13.9,2,1989,0.79625873337841,4,0
"127",14.1,2,1989,0.778003155285105,-1.25,0
"128",14.5,2,1989,0.758620689655174,0,0
"129",14,2,1989,0.739238224025244,5.125,0
"130",13.4,3,1989,0.729997746224929,8,0
"131",13,3,1989,0.71264367816092,9,0
"132",12.5,3,1989,0.693937345052965,6.75,0
"133",11.5,3,1989,0.675907144466982,9.125,0
"134",11.5,3,1989,0.656975433851704,6.5,0
"135",11.5,4,1989,0.64029749830967,8.5,0
"136",10.7,4,1989,0.623619562767637,7,0
"137",10.3,4,1989,0.607617759747578,8.75,13.5
"138",9.9,4,1989,0.596799639395989,10,0
"139",9.4,5,1989,0.591390579220194,12.625,0
"140",8.3,5,1989,0.568402073473068,12.75,0
"141",8,5,1989,0.552625647960336,10.5,0
"142",4.8,6,1989,0.517917511832319,22,0
"143",3.9,6,1989,0.496055893621819,21.25,2
"144",4.3,6,1989,0.477349560513862,17.5,4
"145",3.6,6,1989,0.469461347757495,18.5,0
"146",2.9,7,1989,0.456389452332657,20,0
"147",1.4,7,1989,0.434302456614832,24.375,0
"148",0.5,7,1989,0.408834798287133,25,0
"149",-0.6,7,1989,0.387649312598604,26,0
"150",-1.2,9,1989,0.352490421455941,21,0
"151",-1.5,9,1989,0.329501915708812,19,0
"152",-1.7,9,1989,0.311697092630156,20.5,0
"153",-2,9,1989,0.286680189317107,15.75,0
"154",-2.1,10,1989,0.263466306062656,17.375,0
"155",-1.7,10,1989,0.244759972954699,13.25,0
"156",-1,10,1989,0.230335812485915,12.5,0
"157",-0.2,10,1989,0.212981744421908,10,0
"158",0.5,11,1989,0.196529186387199,8.875,0
"159",1.2,11,1989,0.292540004507551,13.5,4.5
"160",3.3,11,1989,0.498985801217041,8.75,18
"161",5.2,11,1989,0.581248591390581,9,0
"162",6.2,12,1989,0.606941627225604,7.125,0
"163",8.9,12,1989,0.672751859364436,3.5,0
"164",10,12,1989,0.716700473292767,7.125,0
"165",11,1,1990,0.736759071444671,1.75,0
"166",11.6,1,1990,0.743520396664413,1.25,0
"167",12,1,1990,0.745548794230337,3.25,0
"168",12.3,1,1990,0.745098039215688,4.75,0
"169",12.4,2,1990,0.744421906693714,5.5,8.5
"170",12.3,2,1990,0.741717376605816,7.125,0
"171",12.7,2,1990,0.736308316430022,-0.75,0
"172",12.7,2,1990,0.723687176019833,4.5,0
"173",13,3,1990,0.703403200360605,2.5,6.7
"174",13,3,1990,0.686950642325896,6.125,0
"175",12.6,3,1990,0.667342799188641,3.25,29
"176",12.4,3,1990,0.660806851476224,5.25,25.5
"177",12.6,3,1990,0.690782059950419,7.5,3.7
"178",12.9,4,1990,0.741942754113141,7.125,11.5
"179",12.6,4,1990,0.766959657426191,12.5,0
"180",12.7,4,1990,0.783412215460899,11,0
"181",12.2,4,1990,0.794455713319811,16.25,0
"182",12.4,5,1990,0.802118548568853,10.875,2.5
"183",12.6,5,1990,0.826684696867254,10.75,0
"184",13.2,5,1990,0.838404327248142,9.25,4.2
"185",15.1,5,1990,0.924498535046204,8.75,0
"186",16,5,1990,0.976560739238225,11.5,7
"187",16.3,6,1990,0.973856209150328,5.5,6
"188",15.2,6,1990,0.977462249267523,17.875,0
"189",13.3,6,1990,0.971602434077079,20.375,0
"190",12.8,7,1990,0.97115167906243,19,18.7
"191",11.5,7,1990,0.963038088798738,25.125,0
"192",10.9,7,1990,0.951994590939824,21.25,0
"193",10,7,1990,0.94275411313951,24.625,0
"194",9.2,8,1990,0.931034482758622,21.5,0
"195",9.2,8,1990,0.918638719855761,18.5,4.5
"196",8.1,9,1990,0.886635113815642,18,0
"197",7.8,9,1990,0.874915483434754,16.75,0
"198",7.8,9,1990,0.861618210502592,15.125,0
"199",7,10,1990,0.828487716925853,12.25,2.5
"200",7.4,10,1990,0.804597701149426,14,0
"201",7.7,10,1990,0.790398918187966,14.25,0
"202",7.5,10,1990,0.775974757719181,14,0
"203",8.6,11,1990,0.773720982645933,10.75,3
"204",10.5,11,1990,0.848320937570433,9.125,10
"205",11.9,11,1990,0.890691908947489,8.25,0
"206",12.5,11,1990,0.896551724137933,5.625,0
"207",14.6,12,1990,0.951543835925175,4.75,0
"208",15.3,12,1990,0.943881000676135,1,0
"209",15.6,12,1990,0.931485237773271,1.625,0
"210",15.8,1,1991,0.915483434753212,1.5,0
"211",16.4,1,1991,0.898580121703854,-6.125,0
"212",16.7,1,1991,0.881000676132523,-7.25,0
"213",16.3,1,1991,0.86432274059049,3.875,0
"214",16.2,1,1991,0.846292540004509,5.5,0
"215",15.5,2,1991,0.825783186837956,8.75,0
"216",15.5,2,1991,0.8052738336714,8.5,0
"217",15,2,1991,0.784539102997522,3.875,0
"218",14.4,2,1991,0.763128239801668,7.5,0
"219",14.4,3,1991,0.741491999098492,3.25,0
"220",14.1,3,1991,0.719855758395313,3.25,0
"221",13.9,3,1991,0.696641875140863,4.375,2
"222",13.5,3,1991,0.673653369393737,5,0
"223",12.1,4,1991,0.649312598602661,12.625,0
"224",11.3,4,1991,0.630380887987379,6.5,0
"225",10.3,4,1991,0.605138607167005,12,0
"226",10.3,4,1991,0.582150101419879,9.75,1.5
"227",9.6,5,1991,0.566599053414471,14.625,0
"228",10.3,5,1991,0.606490872210955,10.25,0
"229",10.9,5,1991,0.641424385846293,9.5,0
"230",12.2,5,1991,0.770565697543386,11,3.5
"231",12.6,5,1991,0.821275636691459,16,0
"232",11.4,6,1991,0.838629704755466,18.5,0
"233",10.8,6,1991,0.831417624521075,16.75,0
"234",10,6,1991,0.818120351588913,19.75,15
"235",8.9,7,1991,0.807527608744648,21,0
"236",8.1,7,1991,0.794004958305161,19.75,0
"237",7.6,7,1991,0.781158440387651,23,0
"238",6.3,7,1991,0.761099842235747,24.125,0
"239",5.8,8,1991,0.740365111561867,20,0
"240",5.3,8,1991,0.722560288483211,17.25,0
"241",2.6,8,1991,0.676808654496283,23.625,0
"242",2.4,8,1991,0.652467883705207,21.5,0
"243",1.8,9,1991,0.625873337840886,22.625,0
"244",0.7,9,1991,0.597701149425289,20.5,0
"245",1.2,9,1991,0.569528961009693,17.75,0
"246",1.2,9,1991,0.539779130042823,19.25,12
"247",0.6,10,1991,0.509127789046654,18.375,0
"248",9.4,10,1991,0.500112688753664,16.5,0
"249",0.9,10,1991,0.476673427991888,12.75,0
"250",0.5,10,1991,0.442641424385849,15.625,0
"251",0.8,10,1991,0.409510930809107,13,0.7
"252",2.1,10,1991,0.375028172188418,10,0
"253",1.9,11,1991,0.339193148523779,11.25,0
"254",2.4,11,1991,0.331530313274736,4.5,0
"255",3.7,11,1991,0.322965967996395,-1.75,0
"256",4.7,11,1991,0.306513409961686,1.125,0
"257",5.7,12,1991,0.270903763804374,2.75,0
"258",6.2,12,1991,0.258508000901511,7.25,0
"259",6.9,1,1992,0.231913455037189,0.75,0
"260",7.4,1,1992,0.218841559612351,2.375,0
"261",7.4,1,1992,0.205995041694841,4.5,0
"262",7.4,1,1992,0.19224701374803,3.5,0
"263",7.8,1,1992,0.177372098264593,-0.5,0
"264",8.2,2,1992,0.163173315303133,0.25,0
"265",8.5,2,1992,0.149199909848997,-0.5,0
"266",8.5,2,1992,0.142889339643904,4.375,0
"267",8.4,2,1992,0.136804146946136,6.5,0
"268",7.7,3,1992,0.153932837502818,5.5,0
"269",8.2,3,1992,0.156186612576066,5.25,0
"270",7.5,3,1992,0.146044624746451,8.125,13.7
"271",7.7,3,1992,0.138156411990086,4.75,0
"272",7.2,4,1992,0.132521974306967,8.875,0
"273",8.1,4,1992,0.210051836826686,3.25,0
"274",8.3,4,1992,0.270453008789723,6.25,1.5
"275",8.2,4,1992,0.299977462249269,9.25,0
"276",8.6,5,1992,0.431147171512285,12,0
"277",7.6,5,1992,0.475771917962588,17.5,0
"278",6.7,5,1992,0.505747126436783,19.75,0
"279",6.9,6,1992,0.597475771917965,17,0
"280",6.6,6,1992,0.598828036961912,19.5,0
"281",6.3,6,1992,0.594320486815416,18,0
"282",5,6,1992,0.587333784088349,21.875,0
"283",0.4,8,1992,0.466531440162273,22.5,0
"284",0.2,8,1992,0.442866801893173,20.75,8.75
"285",-0.2,8,1992,0.416723011043498,22.375,0
"286",-0.8,8,1992,0.39080459770115,15,34.2
"287",-0.8,9,1992,0.363984674329504,19.625,0
"288",-1.4,9,1992,0.315303132747352,18,0
"289",-1.4,9,1992,0.291863871985577,19.75,1
"290",-1,10,1992,0.286004056795133,17,31
"291",-0.9,10,1992,0.350236646382693,18,0
"292",0,10,1992,0.371647509578544,14.25,20.5
"293",0.8,10,1992,0.398467432950193,14.5,0
"294",1.8,10,1992,0.391706107730451,9.25,0
"295",2.6,11,1992,0.375028172188418,7,0
"296",2.9,11,1992,0.355420329051163,9.875,0
"297",3.5,11,1992,0.342348433626325,6,0
"298",4.1,11,1992,0.321839080459772,5.25,0
"299",4.6,12,1992,0.298399819697994,5,0
"300",5.2,12,1992,0.275862068965517,3.375,0
"301",5.9,12,1992,0.252648185711067,3,0
"302",6.8,1,1993,0.175569078205997,0.375,0
"303",6.9,1,1993,0.150326797385623,-3.5,0
"304",7.2,1,1993,0.121703853955377,1,0
"305",6.9,1,1993,0.0955600631057022,7.75,0
"306",6.8,2,1993,0.0876718503493374,4.625,2
"307",6.8,2,1993,0.0777552400270463,5.75,1
"308",7.3,2,1993,0.0590489069190896,-0.5,3.5
"309",7.2,2,1993,0.04056795131846,4.5,0
"310",6.4,3,1993,0.0207347306738804,8.625,0
"311",6.4,3,1993,0.00653594771242004,7.75,8.5
"312",6.6,3,1993,0.014649537976112,4.375,0
"313",6.6,3,1993,0.00924047780031737,10,5.5
"314",6.6,4,1993,0,6.5,0
"315",6.7,4,1993,0.188415596123507,13,8.5
"316",7.3,4,1993,0.283074149199911,10.375,0
"317",6.9,4,1993,0.326121253098941,11.5,23
"318",6.5,4,1993,0.358575614153709,13.75,0
"319",6.6,5,1993,0.369393734505299,10.75,0
"320",6.2,5,1993,0.364210051836828,11.75,0
"321",6.4,5,1993,0.376155059725041,11.5,0
"322",5.8,5,1993,0.391255352715799,14.25,11
"323",4.7,6,1993,0.393283750281723,17.5,4
"324",4.5,6,1993,0.381113364886186,14.625,6.5
"325",3,6,1993,0.372098264593196,20.625,0
"326",1.7,7,1993,0.357223349109759,23,0
"327",1.5,7,1993,0.337164750957855,22,11.5
"328",0.2,7,1993,0.320261437908498,19.75,0
"329",-0.1,7,1993,0.306288032454362,17.125,14.5
"330",-0.1,7,1993,0.351814288933965,22.5,0
"331",-1.1,9,1993,0.381113364886186,20.375,10.5
"332",-0.8,9,1993,0.440613026819925,21,0
"333",-1.5,9,1993,0.4403876493126,22.625,0
"334",-1.7,9,1993,0.424160468785216,21,0
"335",-1.2,10,1993,0.407031778228534,15.75,10.5
"336",1.8,10,1993,0.628352490421458,13.75,0
"337",6.8,10,1993,0.895424836601308,14.375,0
"338",8.7,10,1993,0.940274960558937,10.75,0
"339",9.3,10,1993,0.943881000676135,13.875,6.2
"340",10.4,11,1993,0.935992787919767,8.75,0
"341",10.9,11,1993,0.925850800090152,8.125,0
"342",11.5,11,1993,0.924723912553529,9.25,0
"343",12.3,11,1993,0.918413342348434,2.25,0
"344",12.5,12,1993,0.906242956952897,4.75,5.5
"345",14.3,12,1993,0.979716024340771,4.625,0
"346",14.6,12,1993,0.970024791525807,8.25,0
"347",14.7,12,1993,0.964390353842688,8,0
"348",15.2,12,1993,0.962249267523102,5.25,0
"349",15.8,1,1994,0.961235068740142,4.25,0
"350",16,1,1994,0.958079783637595,4.75,14
"351",16.6,1,1994,0.966869506423261,6,3
"352",16.5,1,1994,0.963038088798738,9,0
"353",16.7,2,1994,0.959882803696192,4.375,0
"354",16.7,2,1994,0.948163173315304,4.75,0
"355",16.5,2,1994,0.932386747802569,5,0
"356",16.3,2,1994,0.915708812260539,2,0
"357",16.4,3,1994,0.898129366689205,2.125,0
"358",16.2,3,1994,0.883479828713095,5,0
"359",15.8,3,1994,0.871534820824883,9.875,0
"360",15.4,3,1994,0.859589812936671,10,0
"361",14.9,3,1994,0.847419427541132,7.75,0
"362",15,4,1994,0.838404327248142,6.75,4.7
"363",14.6,4,1994,0.839756592292092,11.25,0
"364",14.5,4,1994,0.862068965517241,12.25,0
"365",14.9,4,1994,0.877620013522652,11.5,0
"366",14.7,5,1994,0.880324543610549,10.5,0
"367",15,5,1994,0.93193599278792,13.625,7.5
"368",15.7,5,1994,0.959882803696192,14.25,5.5
"369",15,5,1994,0.942077980617536,15,1.2
"370",15.5,6,1994,0.98196979941402,14,0
"371",15.2,6,1994,0.986928104575165,17.25,0
"372",14.8,6,1994,0.989181879648413,20.125,0.7
"373",14.9,6,1994,1,17.25,1.5
"374",14.5,7,1994,0.99752084741943,18.875,0
"375",13.6,7,1994,0.994816317331532,24.25,0
"376",13,7,1994,0.988505747126437,24.625,0
"377",12.2,7,1994,0.977011494252874,24,0
"378",10.6,8,1994,0.963038088798738,23.75,0
"379",9.9,8,1994,0.94095109308091,24.25,0
"380",8.5,8,1994,0.896326346630608,19.75,0
"381",7.9,9,1994,0.873112463376155,20,0
"382",6.7,9,1994,0.825332431823304,13.375,0
"383",6.5,9,1994,0.800315528510257,16.75,0
"384",5.7,9,1994,0.77777777777778,18.75,0
"385",6.2,10,1994,0.759296822177148,13.75,0
"386",6,10,1994,0.739688979039893,12.25,0
"387",6.5,10,1994,0.750732476898807,11.5,0
"388",6.7,10,1994,0.75276087446473,14.75,0
"389",7,11,1994,0.745323416723012,12.5,0
"390",8.9,11,1994,0.78544061302682,8,0
"391",9.5,11,1994,0.788821275636691,0.75,0
"392",10.4,12,1994,0.783412215460899,3.75,0
"393",11.5,12,1994,0.767185034933515,3,0
"394",11.9,12,1994,0.755916159567277,3.25,0
"395",11.9,12,1994,0.735857561415373,4,0
"396",12.2,1,1995,0.715122830741492,3,0
"397",12.3,1,1995,0.693937345052965,4.75,0
"398",12.2,1,1995,0.672751859364436,2.5,0
"399",12.7,1,1995,0.6587784539103,2.5,0
"400",12.4,2,1995,0.643227405904892,5,0
"401",12.6,2,1995,0.628127112914131,4.25,0
"402",12.3,2,1995,0.611674554879425,5.25,0
"403",11.7,2,1995,0.594996619337392,6.75,0
"404",11.5,3,1995,0.579445571331982,7.75,0
"405",11,3,1995,0.563218390804598,5.5,0
"406",10.4,3,1995,0.546765832769892,10.25,0
"407",10.2,3,1995,0.530313274735183,12.5,0
"408",9.4,3,1995,0.51363533919315,14.5,0
"409",9.9,4,1995,0.503493351363535,4.75,0
"410",10,4,1995,0.517016001803021,6,2
"411",10,4,1995,0.52310119450079,10.5,0
"412",10.4,4,1995,0.555555555555558,4,1
"413",10.3,5,1995,0.58034708136128,13.25,0
"414",9.2,5,1995,0.593418976786118,15.25,0
"415",8.8,5,1995,0.606941627225604,16.25,0
"416",8.2,6,1995,0.602208699571783,14,8
"417",8.2,6,1995,0.61189993238675,15.5,0.7
"418",7.4,6,1995,0.638945233265721,19.5,8
"419",6.7,6,1995,0.636916835699799,22.25,0
"420",5.8,6,1995,0.626549470362859,20,0
"421",4.9,7,1995,0.6105476673428,21.5,0
"422",4.2,7,1995,0.593418976786118,20.75,0
"423",3,7,1995,0.56750056344377,23,0
"424",2.1,7,1995,0.532567049808432,23.5,0
"425",-0.4,9,1995,0.36195627676358,18.25,0
"426",-0.6,9,1995,0.351138156411991,18,0
"427",-0.3,9,1995,0.355420329051163,14.75,0
"428",0,10,1995,0.331530313274736,16.25,0
"429",0.6,10,1995,0.2693261212531,12,0
"430",0.9,10,1995,0.237547892720308,13,0
"431",1,11,1995,0.210051836826686,13.5,0
"432",1.4,11,1995,0.175343700698672,9,0
"433",1.9,11,1995,0.136128014424162,7.75,0
"434",2.7,11,1995,0.220644579670951,8.75,0
"435",3.2,11,1995,0.25467658327699,8.25,0
"436",4.8,12,1995,0.27067838629705,6.25,0
"437",5.3,12,1995,0.272256028848322,7,0
"438",6.2,12,1995,0.332882578318686,6,0
"439",6.6,12,1995,0.363984674329504,6.75,0
"440",7.4,1,1996,0.373901284651792,3.25,0
"441",8.2,1,1996,0.373450529637143,5,0
"442",8.6,1,1996,0.365111561866127,3.25,0
"443",8.6,1,1996,0.350687401397342,5.5,0
"444",8.8,2,1996,0.337164750957855,3.75,0
"445",8.6,2,1996,0.322515212981746,7.5,0
"446",8.6,2,1996,0.306513409961686,9,0
"447",8,2,1996,0.288483209375706,7.75,0
"448",7.4,3,1996,0.267748478701828,10.75,0
"449",7.7,3,1996,0.242280820374127,10,0
"450",7.1,3,1996,0.217940049583053,8.25,0
"451",6.3,3,1996,0.192923146270004,15.25,0
"452",6.5,3,1996,0.164750957854407,6.5,0
"453",6.4,4,1996,0.14784764480505,7.75,9.5
"454",6.4,4,1996,0.141537074599957,12,0
"455",6.4,4,1996,0.114491773720984,8.5,0
"456",6.3,4,1996,0.100518368266848,8,5
"457",5.9,5,1996,0.122379986477351,12.75,0
"458",5.6,5,1996,0.128915934189768,13,0
"459",4.6,5,1996,0.13702952445346,17.25,0
"460",4.1,5,1996,0.18706333107956,15.5,3
"461",5.2,5,1996,0.338291638494481,14.25,2.5
"462",4.8,6,1996,0.3921568627451,16.5,0
"463",5.4,6,1996,0.559837728194727,18.75,0
"464",4.9,6,1996,0.58169934640523,20.25,4.5
"465",4.4,7,1996,0.592968221771468,19.25,0
"466",3.8,7,1996,0.603110209601084,19.25,0
"467",3,7,1996,0.597701149425289,24.75,0
"468",2.6,7,1996,0.598151904439939,24,0
"469",2.3,9,1996,0.666215911652018,20.25,0
"470",2.8,9,1996,0.675231011945009,17.25,0
"471",3.6,10,1996,0.723461798512509,17.75,4
"472",4.8,10,1996,0.752310119450081,16.75,3
"473",6.7,10,1996,0.821951769213433,12.25,0
"474",8.1,10,1996,0.856885282848774,12,0
"475",9.2,11,1996,0.848771692585082,8.5,3.5
"476",10,11,1996,0.858913680414695,10.25,0
"477",10.5,11,1996,0.851701600180304,10.25,2.5
"478",11.6,11,1996,0.847870182555781,3.15,0
"479",13.1,12,1996,0.840432724814065,2.25,0
"480",13.7,12,1996,0.837277439711519,2.75,0
"481",14.2,12,1996,0.832093757043049,4.5,0
"482",14.4,1,1997,0.829389226955151,4.25,0
"483",14.8,1,1997,0.825783186837956,5.75,0
"484",15.2,1,1997,0.822853279242734,3.5,0
"485",15.4,1,1997,0.819247239125536,1.5,0
"486",15.5,1,1997,0.814739688979042,4,0
"487",15.9,2,1997,0.81045751633987,1,0
"488",16,2,1997,0.805499211178724,-0.75,0
"489",15.9,2,1997,0.802569303583503,6.25,0
"490",15.4,2,1997,0.801893171061529,7.5,2
"491",15.9,3,1997,0.822627901735407,8.25,31.5
"492",17.3,3,1997,0.912102772143341,8.5,0
"493",17.2,3,1997,0.931710615280596,12.75,0
"494",17.4,3,1997,0.943881000676135,10,0
"495",17.9,4,1997,0.959432048681543,8.75,1.5
"496",17.5,4,1997,0.965517241379311,11.25,0
"497",17.7,4,1997,0.968447148974533,9.25,0
"498",17.7,4,1997,0.966418751408612,8.75,21
"499",17.7,5,1997,0.967545638945235,9.25,17.5
"500",18.2,5,1997,0.974532341672301,5,51
"501",17.7,5,1997,0.989181879648413,14.75,0
"502",17.3,5,1997,0.987829614604463,17.25,0
"503",16.7,6,1997,0.997971602434079,17,0
"504",15.9,6,1997,0.995717827360831,21,0
"505",14.2,6,1997,0.987378859589814,23.25,0
"506",14,7,1997,0.97768762677485,19.75,0
"507",13.1,7,1997,0.96732026143791,24.5,0
"508",11.9,7,1997,0.956727518593645,24.25,0
"509",11.2,7,1997,0.945909398242056,23.25,0
"510",7.6,9,1997,0.886860491322966,22.75,0
"511",7,9,1997,0.855758395312148,15.5,21.5
"512",7.5,10,1997,0.832769889565022,13.75,0
"513",7.5,10,1997,0.823754789272032,17,0
"514",8.2,10,1997,0.818120351588913,10.5,0
"515",8.8,10,1997,0.810908271354519,8,0
"516",9.5,10,1997,0.825332431823304,8.5,0
"517",10,11,1997,0.82600856434528,6,0
"518",10.9,11,1997,0.821050259184135,6.25,0.6
"519",11.7,11,1997,0.816091954022989,4.75,3
"520",12.3,11,1997,0.810682893847195,6.5,0
"521",15.6,12,1997,0.965291863871986,7,0
"522",16.6,12,1997,0.969348659003834,3.25,11.5
"523",17.3,12,1997,0.964390353842688,1.5,0
"524",18.3,1,1998,0.955600631057022,5.25,0
"525",18.7,1,1998,0.951093080910526,3,0
"526",19.3,1,1998,0.944106378183459,0.5,0
"527",20.6,1,1998,0.95312147847645,4.75,0
"528",20.3,2,1998,0.955149876042373,4.5,0
"529",19.6,2,1998,0.957629028622944,9.25,0
"530",19.9,2,1998,0.95830516114492,1.25,0
"531",19.9,2,1998,0.955826008564347,6.25,0
"532",19.9,3,1998,0.953797610998423,9.75,16
"533",20,3,1998,0.968221771467208,8.25,0
"534",20,3,1998,0.977462249267523,7.75,2.5
"535",20.1,3,1998,0.984448951994592,2.5,0
"536",20,4,1998,0.979941401848096,5.75,1
"537",20.1,4,1998,0.977236871760199,6,2
"538",19.4,4,1998,0.969348659003834,8.75,0
"539",18.7,4,1998,0.958981293666893,14.75,0
"540",18.2,4,1998,0.965291863871986,9.5,0
"541",18.4,5,1998,0.984223574487268,13,0
"542",17.7,5,1998,0.981068289384721,16.75,0
"543",17,5,1998,0.967545638945235,13.25,12.5
"544",16.7,5,1998,0.971602434077079,16,0
"545",17.2,6,1998,0.991435654721659,14,0
"546",17,6,1998,0.964164976335364,9.75,4.5
"547",16.6,6,1998,0.971827811584404,15.25,0
"548",16.3,7,1998,0.983547441965294,14.75,13.5
"549",11.6,8,1998,0.94230335812486,24.75,0
"550",10.3,8,1998,0.916159567275188,24,0
"551",10.3,9,1998,0.89407257155736,19.5,0
"552",10.1,9,1998,0.881451431147172,13.5,0
"553",11.3,10,1998,0.880099166103224,17.25,2
"554",11.9,10,1998,0.871534820824883,13,0
"555",14.2,10,1998,0.936668920441741,8.5,0
"556",14.1,10,1998,0.927879197656076,15.5,1
"557",15.2,11,1998,0.960784313725493,14.25,0
"558",14.9,11,1998,0.935767410412443,13,0
"559",15.1,11,1998,0.912778904665314,9.75,0
"560",15.2,11,1998,0.903989181879649,11.75,0
"561",15.3,12,1998,0.897678611674556,10.25,0
"562",15.7,12,1998,0.891593418976787,8.5,0
"563",16.3,12,1998,0.887085868830291,8.25,13.5
"564",17.7,1,1999,0.885529637142215,7.5,0
"565",17.4,1,1999,0.878690556682445,9.25,0
"566",17.6,1,1999,0.870441739914358,8,0
"567",17.5,1,1999,0.861583276988958,7.25,0
"568",17.6,2,1999,0.853065134099617,9.5,0
"569",17.8,2,1999,0.855093531665541,8.5,0
"570",17.8,2,1999,0.853729997746227,8.75,0
"571",17.8,2,1999,0.847205318909173,4.75,0
"572",18.2,3,1999,0.839328375028174,5.25,0
"573",17.9,3,1999,0.835271579896327,9.5,0
"574",17.9,3,1999,0.850405679513186,13.75,0
"575",18,3,1999,0.874971827811587,10.25,24.5
"576",18.1,4,1999,0.897047554654046,11.75,0
"577",18.1,4,1999,0.900878972278569,15.25,0
"578",18.2,4,1999,0.904180076628352,11.25,2.5
"579",17.5,4,1999,0.900112688753665,13.25,0
"580",18.5,4,1999,0.922481406355647,7,1
"581",19.1,5,1999,0.96596799639396,13.25,0
"582",19.4,5,1999,0.979772368717604,13.25,35.5
"583",18.9,5,1999,0.971602434077079,10.25,28
"584",18,5,1999,0.968841559612352,16.75,0
"585",17.1,6,1999,0.959921117872438,18.5,0
"586",15.9,6,1999,0.95317782285328,20.5,0
"587",14.7,7,1999,0.948860716700473,20,52.5
"588",14.4,7,1999,0.952468785215237,20.25,0
"589",13.7,7,1999,0.943914807302233,22.25,0
"590",13,7,1999,0.932814965066487,19.5,0
"591",12.1,7,1999,0.921319810682894,26.75,0
"592",11,8,1999,0.908102321388326,28.25,0
"593",10.5,8,1999,0.893847194050036,22,2
"594",10.3,8,1999,0.882443092179403,25.5,0
"595",10.3,8,1999,0.869731800766284,21,0
"596",8.8,9,1999,0.805499211178724,13.75,11
"597",9.3,9,1999,0.792652693261214,14.75,24
"598",9.8,10,1999,0.78025693035835,10.75,0.7
"599",9.7,10,1999,0.77642551273383,9,21.5
"600",10.2,10,1999,0.791582150101421,13,0
"601",10.9,10,1999,0.787750732476901,10.75,2
"602",12,11,1999,0.820148749154836,11,0
"603",12.7,11,1999,0.827811584403877,8.25,1.2
"604",13.3,11,1999,0.826706558485463,5.25,0
"605",13.5,11,1999,0.818976786116747,7.5,1.5
"606",13.4,12,1999,0.807967094883931,2.75,0
"607",14.1,12,1999,0.796022086995719,6.5,0
"608",14.3,12,1999,0.783874239350914,2.25,0
"609",14.4,12,1999,0.771264367816092,1.25,0
"610",14.6,12,1999,0.759714897453235,1,0
"611",15.6,1,2000,0.76614829839982,5.5,0
"612",15.8,1,2000,0.763488843813389,0.25,0
"613",15.5,2,2000,0.742528735632184,4.75,0
"614",15.9,2,2000,0.741717376605816,6.75,0
"615",16.3,2,2000,0.739891818796485,4.5,0
"616",15.9,2,2000,0.737435203966645,8,0
"617",15.9,3,2000,0.736398467432952,8.5,0
"618",15.3,3,2000,0.740680640072121,12.75,0
"619",15,3,2000,0.74239350912779,10.25,0
"620",14.5,3,2000,0.736646382691009,12.5,0
"621",14.1,3,2000,0.729321613702953,12,0
"622",14.4,4,2000,0.719517692134326,9.25,0
"623",14.5,4,2000,0.705656975433853,11.5,0
"624",14.2,4,2000,0.693283750281724,16,0
"625",13,5,2000,0.693486590038316,14.75,0.5
"626",12.6,5,2000,0.693869731800767,12.25,1.7
"627",13,5,2000,0.70764029749831,13,0
"628",11.9,5,2000,0.706310570205095,18,0
"629",9.7,6,2000,0.688528284877171,21.25,28.5
"630",9.4,6,2000,0.676470588235296,21.5,0
"631",8.4,6,2000,0.664017579445573,23.5,0
"632",7.7,6,2000,0.652805949966194,25.25,0
"633",6.4,7,2000,0.640883479828714,23.75,0
"634",2,9,2000,0.441041244083842,12.75,16.5
"635",3,9,2000,0.495672751859366,17.25,0
"636",4.7,10,2000,0.597025016903313,10.25,1
"637",8.8,10,2000,0.837315753887762,17,4
"638",10.8,10,2000,0.914559386973181,14.75,1
"639",11.7,10,2000,0.929794906468337,10.75,0
"640",12.4,11,2000,0.945661482983999,14.75,0
"641",14.1,11,2000,0.987829614604463,8.75,1.5
"642",13.1,11,2000,0.922808203741268,11.75,0
"643",13.5,11,2000,0.930223123732251,7.25,0
"644",14.5,12,2000,0.929794906468337,8.5,0
"645",15.2,12,2000,0.921320712192923,9.75,0
"646",16,12,2000,0.915122830741493,1.5,0
"647",16.3,12,2000,0.907076853729999,4,0
"648",16.7,1,2001,0.898647734956052,-1,0
"649",16.7,1,2001,0.88961009691233,8.5,0
"650",16.6,1,2001,0.882375478927204,2.25,15
"651",16.6,1,2001,0.875095785440615,8,0
"652",17.1,2,2001,0.865900383141764,8,0
"653",16.7,2,2001,0.855690782059953,5.75,0
"654",16.9,2,2001,0.84584178498986,9,0
"655",16.6,2,2001,0.835699797160244,4,1.3
"656",16.5,3,2001,0.825332431823304,8.25,0
"657",16.6,3,2001,0.814334009465857,4.75,0
"658",16.6,3,2001,0.802907369844489,9,0
"659",15.7,3,2001,0.791818796484112,5.75,0
"660",15.2,3,2001,0.780211854856886,12.5,0
"661",14.6,4,2001,0.768469686725267,14.25,0
"662",14.2,4,2001,0.756164074825333,14.5,0
"663",13.6,4,2001,0.743858462925402,12.5,1.3
"664",14,4,2001,0.732950191570883,9.5,0
"665",13,5,2001,0.720847419427542,15.5,0
"666",12.5,5,2001,0.711066035609648,15.5,10
"667",12.6,5,2001,0.738674780256932,16,0
"668",12.2,5,2001,0.729163849447827,17.5,0
"669",11.6,6,2001,0.718210502591843,15,0
"670",11,6,2001,0.705972503944108,19,9
"671",10.8,6,2001,0.753098940725717,17.75,0
"672",10.4,6,2001,0.748929456840208,20.25,0
"673",10.1,7,2001,0.741491999098492,18.25,0
"674",9.2,7,2001,0.730448501239578,22.5,0
"675",8.5,7,2001,0.718616182105028,26,0
"676",6.8,7,2001,0.707775524002707,26.5,0
"677",6.6,8,2001,0.72402524228082,23.75,0
"678",9.7,9,2001,0.83484336263241,12,0
"679",9.7,10,2001,0.830831643002029,17.25,0
"680",10.1,10,2001,0.822402524228082,16,0
"681",10.4,11,2001,0.812170385395539,13,0
"682",10.7,11,2001,0.80144241604688,11.75,0
"683",11.1,11,2001,0.790759522199685,7.75,0
"684",11.4,11,2001,0.779197656073926,8.5,0
"685",11.8,11,2001,0.775343700698671,6,1.5
"686",12.2,12,2001,0.767928780707687,2.5,0
"687",13.9,12,2001,0.811652017128691,-0.5,0
"688",17,12,2001,0.942077980617536,7.75,0
"689",17.6,12,2001,0.956704980842913,2.5,0
"690",18.1,1,2002,0.956096461573135,3,0
"691",18.7,1,2002,0.969105251295923,3.5,5.5
"692",18.4,1,2002,0.946833446022089,8.25,0
"693",18.3,1,2002,0.917489294568403,3.5,8.5
"694",18.7,2,2002,0.917759747577192,3.5,0.5
"695",18.9,2,2002,0.917354068064009,5.75,7.5
"696",19,2,2002,0.920779806175344,3.5,0
"697",19,2,2002,0.918120351588913,-0.75,0
"698",18.9,2,2002,0.920396664412893,8,0
"699",19.1,3,2002,0.921253098940728,0.75,7.5
"700",19.4,3,2002,0.922492675231013,5.75,0.5
"701",19.5,3,2002,0.921072796934867,9,0
"702",19.2,3,2002,0.936781609195403,10.75,0
"703",19.5,4,2002,0.946810908271357,4.75,0
"704",19.2,4,2002,0.946923597025019,13.5,0
"705",18.9,4,2002,0.95312147847645,7.5,2.5
"706",18.8,4,2002,0.957629028622944,13.25,0.5
"707",17.9,5,2002,0.90872210953347,9,1
"708",17.5,5,2002,0.914131169709264,13,4
"709",18,5,2002,0.941244083840433,15,0
"710",17.6,5,2002,0.933964390353844,14.5,0
"711",16.6,5,2002,0.935429344151456,20.5,0
"712",15.5,6,2002,0.941401848095562,22,14
"713",15.3,6,2002,0.937345052963715,21.25,6
"714",14.9,6,2002,0.927203065134102,17.5,0
"715",13.7,7,2002,0.91564119900834,20.75,0
"716",13.3,7,2002,0.909398242055443,21,0
"717",12.7,7,2002,0.899504169483887,23.5,3
"718",11.6,7,2002,0.892607617759748,26,0
"719",9.8,9,2002,0.852648185711068,17,0
"720",10.1,9,2002,0.839080459770115,13.5,0.5
"721",10.2,10,2002,0.81947261663286,10.5,0
"722",10.9,10,2002,0.807978363759297,12.75,0
"723",11.2,10,2002,0.832296596799641,10,0
"724",11,10,2002,0.834167230110436,15.75,0
"725",11.5,10,2002,0.827203065134101,9.25,0
"726",11.5,11,2002,0.818052738336714,7.75,0
"727",13.9,11,2002,0.944534595447377,9,16
"728",14.7,11,2002,0.90216362407032,4,0
"729",14.8,11,2002,0.883953121478476,7,0
"730",15.4,12,2002,0.894297949064685,4,10
"731",16.1,12,2002,0.892832995267072,7,0
"732",16.4,12,2002,0.884155961235069,5,24.5
"733",17.7,1,2003,0.907054315979267,0.25,11
"734",18.3,1,2003,0.908045977011496,-0.25,19
"735",18.1,1,2003,0.895492449853506,6.5,0
"736",19.2,1,2003,0.947194050033808,8.5,5.5
"737",18.8,1,2003,0.917985125084519,6.25,0
"738",18.6,2,2003,0.907505070993916,6,0
"739",18.5,2,2003,0.909871534820827,8.5,0
"740",18.4,2,2003,0.9044399368943,7.5,0
"741",18.2,2,2003,0.905792201938248,10.25,0
"742",17.7,3,2003,0.908068514762228,12.5,0
"743",17.5,3,2003,0.905747126436784,9,0
"744",16.9,3,2003,0.900383141762453,10.75,0
"745",16.6,3,2003,0.89116520171287,10,0
"746",16.3,4,2003,0.887671850349337,12.5,0
"747",15.9,4,2003,0.887649312598605,10,0
"748",15.3,4,2003,0.88670272706784,14.5,0.5
"749",15.7,4,2003,0.890331304935768,10.25,0
"750",16.2,5,2003,0.89015100292991,8,0
"751",15.5,5,2003,0.886950642325897,15.5,0
"752",15.3,5,2003,0.888280369619112,13,0
"753",14.5,6,2003,0.902434077079109,18,55
"754",14.3,6,2003,0.938359251746678,22,0
"755",14,6,2003,0.940680640072122,17.5,0
"756",13.7,6,2003,0.936082938922698,21,0
"757",14.3,7,2003,0.943971151679063,16.25,13
"758",13.9,7,2003,0.93939598828037,20,0
"759",12.8,7,2003,0.920599504169486,24,0
"760",12,7,2003,0.908744647284202,24.25,0.5
"761",11,8,2003,0.903538426865,24,0
"762",10.6,8,2003,0.927766508902413,20.75,0
"763",9.2,9,2003,0.864097363083165,18.25,0
"764",8.9,9,2003,0.847644805048456,19.25,0
"765",8.5,10,2003,0.836037863421231,21,0
"766",8.2,10,2003,0.824205544286681,18.5,0
"767",8,10,2003,0.811584403876495,11.25,0
"768",8.2,10,2003,0.799075952219969,15.5,0
"769",8.8,10,2003,0.78679287807077,7,0
"770",9.6,11,2003,0.775524002704532,12,19
"771",10.5,11,2003,0.794906468334462,5,0
"772",10.9,11,2003,0.792201938246565,8,0
"773",11.6,11,2003,0.787243633085419,6.5,3.5
"774",12.2,12,2003,0.779806175343701,4,0
"775",12.6,12,2003,0.76977687626775,3.5,0
"776",17,12,2003,0.89248366013072,6.75,160
"777",15.9,1,2004,0.839260761775976,6,0
"778",15.9,1,2004,0.834910975884608,3.5,0
"779",16.4,1,2004,0.832093757043049,2,0
"780",16.6,1,2004,0.826910074374579,3.5,0
"781",16.9,2,2004,0.826797385620916,5.25,0
"782",16.9,2,2004,0.826346630606267,6.25,0
"783",16.5,2,2004,0.823078656750058,10.5,0
"784",16.4,2,2004,0.817894974081588,5.5,0
"785",16,3,2004,0.810232138832545,12,0
"786",15.8,3,2004,0.803132747351817,5.5,0
"787",15.2,3,2004,0.793554203290512,14.25,0
"788",15.3,3,2004,0.783637592968224,10.25,0
"789",15,4,2004,0.774284426414244,10.5,0
"790",14.9,4,2004,0.766283524904214,8.25,1.5
"791",15.4,4,2004,0.759747577191797,5.5,22
"792",15.2,4,2004,0.756141537074601,7.5,6.5
"793",14.9,5,2004,0.766734279918866,12.75,0
"794",14.3,5,2004,0.7684246112238,18.5,0
"795",13.5,5,2004,0.766959657426191,15,0
"796",13.5,5,2004,0.76441289159342,12.25,25
"797",12.8,6,2004,0.774667568176697,20.5,0
"798",12.5,6,2004,0.772323642100519,17.25,0
"799",10.9,6,2004,0.762204192021638,23,0
"800",10.5,7,2004,0.749244985350463,22,0
"801",9,7,2004,0.736150552174893,21,0
"802",5.9,10,2004,0.605025918413343,16.5,0
"803",5.1,10,2004,0.58388550822628,15.75,0
"804",5.7,10,2004,0.56977687626775,11,0
"805",6.3,10,2004,0.553572233491098,13.75,0
"806",6.5,11,2004,0.537638043723237,9,0
"807",7,11,2004,0.520419202163624,8.5,0
"808",7.5,11,2004,0.502817218841561,6,4
"809",8.4,11,2004,0.48478701825558,1.5,0
"810",9.1,12,2004,0.466283524904216,5.5,0
"811",9.6,12,2004,0.447261663286005,3.5,0
"812",9.7,12,2004,0.428668018931713,8,0
"813",9.9,12,2004,0.409353166553978,2.75,0
"814",10.7,12,2004,0.390962361956279,3,35
"815",11,1,2005,0.379017354068064,7.75,0
"816",11.2,1,2005,0.370633310795584,1.25,0
"817",11.8,1,2005,0.374938021185487,5,0
"818",11.8,1,2005,0.370892494929006,3.5,0
"819",11.8,2,2005,0.368289384719405,2.5,0
"820",12.1,2,2005,0.358800991661034,1.75,0
"821",12.2,2,2005,0.34703628577868,6.5,0
"822",12,2,2005,0.335992787919766,6.5,0
"823",12,3,2005,0.32555780933063,8.75,1
"824",11.9,3,2005,0.316407482533245,13.25,0
"825",11.1,3,2005,0.310795582600858,9.5,0
"826",11.1,3,2005,0.304958305161146,13.5,8
"827",10.6,4,2005,0.309939148073024,11.5,0
"828",9.8,4,2005,0.310502591841335,10,0
"829",9.7,4,2005,0.305048456164077,10,12.5
"830",9.3,4,2005,0.311066035609647,13.5,0
"831",9.3,4,2005,0.32918638719856,11.25,4
"832",9.3,5,2005,0.36623844940275,15.25,6.8
"833",8.8,5,2005,0.422808203741269,20.5,0
"834",9.6,5,2005,0.53346855983773,9.5,6
"835",9.7,5,2005,0.587649312598604,20.5,0
"836",8.4,6,2005,0.601825557809333,20.5,11
"837",8,6,2005,0.594974081586658,22.25,0
"838",6.4,7,2005,0.569506423258959,22.5,0
"839",5.7,7,2005,0.54859139057922,21.75,0
"840",1.7,8,2005,0.429569528961011,24.5,0
"841",1.1,8,2005,0.409195402298852,28.5,0
"842",0.8,9,2005,0.379175118323193,22.75,0
"843",1.7,9,2005,0.408857336037865,15.75,0
"844",3,9,2005,0.523777327022763,18,0
"845",3.5,9,2005,0.541131395086773,18.25,0
"846",3.7,10,2005,0.537863421230561,12.75,0
"847",4.2,10,2005,0.528758169934641,15.25,0
"848",4.7,10,2005,0.54092855533018,8.75,46
"849",5.9,10,2005,0.590398918187965,16.25,0
"850",6.4,11,2005,0.603448275862071,8,0
"851",7.4,11,2005,0.603786342123058,7,0
"852",11.2,11,2005,0.799414018480956,3.5,0
"853",12.5,11,2005,0.825467658327701,5,0
"854",13.2,12,2005,0.834550371872889,8,0
"855",13.7,12,2005,0.837502817218843,5,0
"856",13.7,12,2005,0.837953572233492,2.25,0
"857",15,12,2005,0.837615505972506,3.5,0
"858",16.3,1,2006,0.824836601307191,2.25,0
"859",16.9,1,2006,0.818007662835251,1,0
"860",16.9,2,2006,0.813545188190221,7.25,0
"861",16.9,2,2006,0.810299752084744,7,0
"862",16.7,2,2006,0.803313049357675,6.75,0
"863",16.4,2,2006,0.796822177146721,5.75,0
"864",16.2,3,2006,0.78906919089475,7.75,0
"865",15.6,3,2006,0.773180076628353,10.25,0
"866",14.7,3,2006,0.7570430471039,12,0
"867",14.4,3,2006,0.740815866576516,12.5,7.7
"868",14.8,3,2006,0.725760649087221,4.25,0
"869",14.8,4,2006,0.716970926301555,6,4
"870",14.6,4,2006,0.712756366914582,9,0
"871",15,4,2006,0.748974532341674,13,0
"872",14.7,4,2006,0.762497182781161,16.25,0
"873",14.7,5,2006,0.760536398467433,17.5,0
"874",14.2,5,2006,0.7570430471039,15.5,15.7
"875",13.5,5,2006,0.763804372323644,17.75,6.2
"876",12.6,5,2006,0.758260085643453,17.5,3
"877",12.6,6,2006,0.7587784539103,20.5,0
"878",12,6,2006,0.750709939148075,17,0
"879",12,6,2006,0.761347757493803,17.75,1.2
"880",9.2,6,2006,0.75140860942078,23.5,0
"881",9.1,7,2006,0.73346855983773,21.25,0
"882",7.9,7,2006,0.711967545638946,19,0
"883",7.4,7,2006,0.69188640973631,23.5,0
"884",6.6,7,2006,0.66914581924724,22,0
"885",5.6,8,2006,0.64694613477575,24.25,0
"886",5.3,8,2006,0.596596799639396,25.5,0
"887",3.5,8,2006,0.569528961009693,26,0
"888",2.2,9,2006,0.466982195176922,21.5,0
"889",1.9,9,2006,0.392540004507551,18,0
"890",2.7,10,2006,0.368942979490647,15.75,0
"891",3.9,10,2006,0.285441514536851,12.75,0
"892",3.5,10,2006,0.268379535722335,12.5,0
"893",3.8,11,2006,0.25084516565247,8.75,0
"894",4.9,11,2006,0.254361054766736,5.75,0
"895",6.2,11,2006,0.246134775749381,3.5,0
"896",6.2,11,2006,0.239463601532567,8.25,9
"897",6.7,11,2006,0.26612576064909,8.75,6
"898",7,12,2006,0.262204192021637,8.5,11.5
"899",7.5,12,2006,0.272616632860041,5.25,0
"900",8.4,12,2006,0.267207572684249,4,0
"901",11.2,1,2007,0.499639395988282,4.5,1
"902",12,1,2007,0.540432724814064,5.25,0
"903",13.1,1,2007,0.58005409060176,4.75,0
"904",13.2,1,2007,0.603222898354746,9.5,0
"905",13.6,2,2007,0.616407482533244,6,0
"906",13.4,2,2007,0.620689655172415,5,0
"907",13.8,2,2007,0.622718052738339,6,7
"908",14.2,2,2007,0.623619562767637,6.75,0
"909",14.6,3,2007,0.623394185260313,3.5,0
"910",14.2,3,2007,0.659454586432276,14.75,16.2
"911",14.6,3,2007,0.718278115844039,9.5,0
"912",14.6,3,2007,0.740815866576516,15.75,0
"913",14.5,3,2007,0.758620689655174,13,0
"914",14.2,4,2007,0.764255127338293,13.5,0
"915",13.7,4,2007,0.764480504845618,12.75,0
"916",14.2,4,2007,0.757944557133201,9.5,2.5
"917",13.9,4,2007,0.750957854406131,12,0
"918",14.2,5,2007,0.759296822177148,8.75,1
"919",14.2,5,2007,0.766959657426191,13.75,0.5
"920",13.9,5,2007,0.775749380211856,17,0
"921",13.3,5,2007,0.77777777777778,15.5,4.5
"922",11.9,5,2007,0.785215235519496,24.5,0
"923",11.4,6,2007,0.786567500563446,17.75,0
"924",10.2,6,2007,0.775974757719181,21.75,0
"925",9.2,6,2007,0.766959657426191,22,0
"926",8.4,7,2007,0.75140860942078,22.75,1.5
"927",8,7,2007,0.735406806400724,23.5,0
"928",4.5,8,2007,0.660356096461575,26,0
"929",4.3,9,2007,0.591390579220194,14,0
"930",4.3,10,2007,0.576064908722111,20,0
"931",4.2,10,2007,0.549921117872438,14,0
"932",4.5,10,2007,0.528735632183909,15,13
"933",4.5,10,2007,0.518368266846969,13.25,0
"934",5.4,11,2007,0.483660130718955,7.75,0
"935",6.3,11,2007,0.467207572684246,6,0
"936",7.8,11,2007,0.44602208699572,3.5,0
"937",7.3,12,2007,0.414694613477577,2,0
"938",8.1,12,2007,0.400495830516117,1,0
"939",10.7,12,2007,0.387198557583954,-1.5,0
"940",10.7,1,2008,0.353617308992564,2,0
"941",11.4,1,2008,0.340094658553077,4.75,1.5
"942",11.4,1,2008,0.32657200811359,7.25,0
"943",11.2,2,2008,0.313274735181431,10.5,0
"944",11.2,2,2008,0.29817444219067,15.5,0
"945",11,2,2008,0.279242731575391,12,0
"946",11.1,2,2008,0.259184133423484,15.75,0
"947",10.5,3,2008,0.24430921794005,7.5,0
"948",9.9,3,2008,0.224701374802795,12,4
"949",9.4,3,2008,0.207572684246113,14,0
"950",9.4,3,2008,0.189767861167457,8.25,0.5
"951",9.4,4,2008,0.186837953572235,6.5,29
"952",9.5,4,2008,0.311020960108183,7.5,25.5
"953",10.9,4,2008,0.425738111336491,11.25,0
"954",10.5,4,2008,0.46022086995718,17.5,0
"955",10.3,5,2008,0.488393058372776,10,10
"956",10.5,5,2008,0.534144692359704,11.25,12
"957",12.2,5,2008,0.651791751183234,17.5,0
"958",11.9,5,2008,0.685823754789273,15.25,4
"959",11.2,6,2008,0.701600180302008,12.5,17
"960",10.9,6,2008,0.734730673878747,21,0
"961",10.8,6,2008,0.739914356547217,22.75,0
"962",9,6,2008,0.730673878746903,24.25,0
"963",8.4,7,2008,0.716925850800091,21,0
"964",8.3,7,2008,0.699121027721435,21.5,0
"965",7.3,7,2008,0.68379535722335,21.5,0
"966",6.1,8,2008,0.651228307414922,18.5,6.5
"967",5.1,9,2008,0.644805048456164,17.75,0
"968",5,9,2008,0.638719855758396,12.75,0
"969",6.2,10,2008,0.625873337840886,11.5,42.5
"970",6.5,10,2008,0.647509578544062,16.75,0
"971",7.2,10,2008,0.65359477124183,11.25,0
"972",7.2,10,2008,0.652693261212532,13,0
"973",7.8,11,2008,0.646833446022088,10.5,0.5
"974",7.9,11,2008,0.640072120802346,9.75,22.5
"975",9,11,2008,0.655397791300429,7.25,23
"976",10.4,11,2008,0.727067838629707,5.5,0
"977",11.4,12,2008,0.744421906693714,3.75,0
"978",12.8,12,2008,0.755014649537976,2.5,0
"979",13.4,12,2008,0.774622492675231,8.5,1
"980",15,1,2009,0.805949966193376,1.25,5.5
"981",16.1,1,2009,0.8052738336714,3,0
"982",16.1,1,2009,0.803470813612803,5,0
"983",15.8,1,2009,0.802118548568853,3.5,0
"984",15.8,2,2009,0.798737885958982,4.25,0
"985",16.4,2,2009,0.793779580797837,4,0
"986",16.6,2,2009,0.789948163173317,1,0
"987",17.4,2,2009,0.799414018480956,4.5,17.5
"988",19.3,3,2009,0.922244759972956,11.25,0
"989",19.3,3,2009,0.936443542934417,14.25,0
"990",19.3,3,2009,0.937795807978364,10.25,0
"991",19.3,3,2009,0.930132972729324,12,0
"992",19,4,2009,0.946810908271357,8,5
"993",19,4,2009,0.946810908271357,9.25,25
"994",18.4,4,2009,0.944557133198109,10,0
"995",18.6,4,2009,0.935767410412443,13.5,0
"996",17.2,5,2009,0.941176470588238,12.75,12.5
"997",17,5,2009,0.945458643227407,15,0
"998",16.5,5,2009,0.943881000676135,15.25,0
"999",16,5,2009,0.940049583051612,19.5,0
"1000",15.2,6,2009,0.921568627450983,23.5,0
"1001",13.8,6,2009,0.896777101645257,28,0
"1002",11.2,7,2009,0.884381338742394,22.75,0
"1003",6.1,8,2009,0.767861167455489,27,0
"1004",5.6,9,2009,0.732927653820151,18,0
"1005",5.1,9,2009,0.668018931710617,16,0
"1006",4.8,10,2009,0.6587784539103,18.25,0
"1007",5.7,10,2009,0.64457967094884,14.5,0
"1008",6.6,10,2009,0.664187514086095,9,4
"1009",7.8,10,2009,0.6851476222673,8.25,0
"1010",8.5,11,2009,0.752535496957406,10.5,0
"1011",18.3,1,2010,0.931710615280596,3.25,0
"1012",18,1,2010,0.921343249943658,5.75,0
"1013",18.4,1,2010,0.91007437457742,2,0
"1014",18.1,2,2010,0.903313049357675,10.25,0
"1015",18.2,2,2010,0.898805499211181,7.25,0
"1016",18.1,2,2010,0.893847194050036,2.75,0
"1017",18.2,2,2010,0.890917286454814,-2,0
"1018",19.1,3,2010,0.881226053639847,6.25,0
"1019",18.7,3,2010,0.870633310795585,6.25,0
"1020",17.9,3,2010,0.86387198557584,12.25,0
"1021",18.4,3,2010,0.861167455487943,5,0
"1022",19.2,4,2010,0.901510029299076,8,0
"1023",20.2,4,2010,0.968221771467208,11.5,0
"1024",20.2,4,2010,0.970791751183234,8.25,0
"1025",19.8,4,2010,0.983209375704305,9,0
"1026",20,5,2010,0.9763353617309,10,0
"1027",19.5,5,2010,0.959432048681543,13,0
"1028",19.5,5,2010,0.963263466306063,17.25,0
"1029",18.8,5,2010,0.974757719179626,16,0
"1030",18.7,6,2010,0.975208474194277,20.75,0
"1031",16.1,7,2010,0.965291863871986,23,0
"1032",14.7,7,2010,0.954473743520397,16.25,0
"1033",13.7,7,2010,0.940049583051612,23.5,0
"1034",8.8,9,2010,0.828036961911201,19.5,0
"1035",8.9,10,2010,0.794004958305161,15.75,0
"1036",9.2,10,2010,0.782510705431599,10.25,0
"1037",9.9,11,2010,0.770791075050711,13.25,0
"1038",10.7,11,2010,0.745323416723012,6.75,0
"1039",10.2,11,2010,0.732476898805499,6.25,0
"1040",11.7,12,2010,0.716475095785442,4.5,0
"1041",12.1,12,2010,0.701600180302008,8,0
"1042",13.7,1,2011,0.625873337840886,5.75,0
"1043",14.2,1,2011,0.611223799864773,-7.25,0
"1044",14.5,2,2011,0.597025016903313,3.25,0
"1045",14.4,2,2011,0.585305386522426,3.75,0
"1046",14.3,2,2011,0.573360378634214,-0.75,0
"1047",14.7,2,2011,0.561189993238677,-1.75,0
"1048",14.7,3,2011,0.549695740365114,2,0
"1049",14.7,3,2011,0.536623844940276,3.5,0
"1050",14.4,3,2011,0.521072796934866,10.5,0
"1051",13.3,3,2011,0.509353166553978,10.25,0
"1052",13,3,2011,0.498985801217041,8.25,1
"1053",12.8,4,2011,0.487040793328826,11,0
"1054",12.5,4,2011,0.475321162947938,10.75,0
"1055",11.9,4,2011,0.462700022537753,11,0
"1056",11.2,4,2011,0.44985350462024,16.25,0
"1057",10.2,5,2011,0.436781609195405,15.5,13
"1058",9.2,5,2011,0.421906693711968,16.5,2
"1059",10,5,2011,0.416948388550823,12,0
"1060",7.2,6,2011,0.39734054541357,20.5,0
"1061",6.4,6,2011,0.37795807978364,18.75,0
"1062",5.8,6,2011,0.359477124183008,20.25,0
"1063",4.7,6,2011,0.352039666441289,23.25,0
"1064",3.4,6,2011,0.336713995943206,22.75,0
"1065",3.1,7,2011,0.315528510254677,21,0
"1066",2.7,7,2011,0.2938922695515,22,0
"1067",0.8,7,2011,0.240703177822855,24.25,0
"1068",0.9,8,2011,0.226955149876043,19,0
"1069",0.4,9,2011,0.167680865449629,21.75,0
"1070",0.2,9,2011,0.151453684922245,18,0
"1071",0.7,9,2011,0.139283299526709,14.5,0
"1072",0.8,9,2011,0.125760649087222,18,0
"1073",1.5,10,2011,0.0989407257155758,13.75,43
"1074",2.9,10,2011,0.302681992337166,12.75,0
"1075",3.7,10,2011,0.360829389226957,12.5,0
"1076",4,11,2011,0.375028172188418,11.75,0
"1077",5,11,2011,0.376155059725041,10.5,4
"1078",6.2,11,2011,0.461347757493803,8,0
"1079",7.4,11,2011,0.498535046202389,3.25,0
"1080",8.4,12,2011,0.506423258958757,1.5,0
"1081",10.2,12,2011,0.521974306964167,-4.5,0
"1082",11.2,12,2011,0.52445345954474,1,0
"1083",11.9,12,2011,0.525580347081362,-3.5,0
"1084",12.7,1,2012,0.524002704530088,1,0
"1085",12.7,1,2012,0.523551949515439,3.25,0
"1086",12.8,1,2012,0.525354969574038,3.5,0
"1087",13.2,1,2012,0.52265043948614,0,0
"1088",14.1,2,2012,0.623394185260313,5.5,0
"1089",14.5,2,2012,0.668920441739916,5,0
"1090",15,2,2012,0.693261212530992,6.5,0
"1091",15.3,2,2012,0.712418300653595,4.3,0
"1092",17.6,4,2012,0.923822402524228,10.25,0
"1093",17.4,4,2012,0.935992787919767,13,0
"1094",17.4,4,2012,0.943430245661483,16.25,0
"1095",17,5,2012,0.946810908271357,14.5,0
"1096",16.8,5,2012,0.947261663286006,11.5,0
"1097",15.7,5,2012,0.942528735632185,22.5,0
"1098",15.3,5,2012,0.937345052963715,14.5,0
"1099",14.8,6,2012,0.926977687626777,12.25,0
"1100",12,6,2012,0.87852152355195,25,0
"1101",11.2,6,2012,0.861167455487943,24.25,0
"1102",10,7,2012,0.842235744872662,22.5,2.5
"1103",9.1,7,2012,0.822402524228082,25.75,0
"1104",8.9,7,2012,0.812936668920443,22.5,0
"1105",8,7,2012,0.800540906017582,24,0
"1106",6.8,8,2012,0.782285327924274,22.5,0
"1107",6.5,8,2012,0.762677484787019,22,0
"1108",6.7,8,2012,0.751633986928105,18,0
"1109",6.4,8,2012,0.739688979039893,22.5,2.75
"1110",5.8,8,2012,0.723461798512509,21.5,0
"1111",4.3,9,2012,0.701937345052965,24.5,0
"1112",4.5,9,2012,0.690105927428443,16.5,33
"1113",5.2,9,2012,0.691232814965068,19.25,0
"1114",5.4,9,2012,0.689429794906469,15.75,0
"1115",5.3,10,2012,0.677484787018257,12.25,7.5
"1116",5.9,10,2012,0.655623168807754,12.75,13.5
"1117",5.7,10,2012,0.644128915934191,15.75,0
"1118",5.4,11,2012,0.630380887987379,15,0
"1119",6,11,2012,0.615505972503945,12.75,0
"1120",6.6,11,2012,0.600856434527836,9.75,0
"1121",6.9,11,2012,0.587108406581025,8.75,0
"1122",7.3,11,2012,0.571782736082939,7.25,0
"1123",7.9,12,2012,0.556006310570207,4.25,0.5
"1124",8.6,12,2012,0.539102997520849,4.75,0
"1125",9.5,12,2012,0.498760423709716,6,0
"1126",9.7,1,2013,0.474194275411316,4.25,0
"1127",9.6,1,2013,0.448501239576292,7,0
"1128",10.2,2,2013,0.392832995267074,6.25,1
"1129",10.5,2,2013,0.379986477349561,5.25,0
"1130",10.3,2,2013,0.366914581924726,8.25,0
"1131",10.1,2,2013,0.353391931485239,6.5,0
"1132",10.2,3,2013,0.342799188640974,10.75,0
"1133",10,3,2013,0.332431823304034,7.5,0
"1134",9.8,3,2013,0.324543610547669,11,2
"1135",10.2,3,2013,0.317782285327925,5.25,0
"1136",10.3,3,2013,0.310344827586209,6.25,0
"1137",10.6,4,2013,0.353391931485239,8.25,14.5
"1138",10.3,4,2013,0.383592517466759,11,0
"1139",10.7,4,2013,0.472391255352717,16,1.5
"1140",10.6,4,2013,0.524904214559389,17.25,0
"1141",11.3,5,2013,0.574036511156187,8,0
"1142",11.3,5,2013,0.614604462474647,19.25,0
"1143",10.8,5,2013,0.634888438133876,13.5,0
"1144",10.2,5,2013,0.641875140860942,21.25,0
"1145",10,5,2013,0.641649763353618,16.5,0.25
"1146",8.7,6,2013,0.637366914581926,21.75,0
"1147",7.8,6,2013,0.627450980392158,22,0
"1148",7.2,6,2013,0.613702952445346,18.75,0
"1149",6.6,7,2013,0.594095109308091,19.25,0
"1150",5.9,7,2013,0.577417173766058,20,1.2
"1151",4.7,7,2013,0.558936218165429,25.5,0
"1152",4,7,2013,0.540455262564796,23.5,0
"1153",3.2,8,2013,0.520847419427541,25.5,0
"1154",3.2,8,2013,0.509578544061303,18.25,0
"1155",2.2,9,2013,0.418751408609422,14.25,0
"1156",4.2,11,2013,0.344376831192249,8.25,0
"1157",5,11,2013,0.334685598377282,6,0
"1158",9,1,2014,0.279918864097365,1,1.5
"1159",9,1,2014,0.272932161370296,7.75,0.5
"1160",9,1,2014,0.265269326121255,4.5,0
"1161",9.6,1,2014,0.25366238449403,8,0
"1162",9.6,1,2014,0.236646382691007,3.75,0
"1163",9.7,2,2014,0.223349109758848,6.75,0
"1164",9.8,2,2014,0.21162947937796,4,0
"1165",9.6,2,2014,0.199233716475096,7.5,0.5
"1166",9.2,2,2014,0.188190894748705,10.25,0
"1167",9.3,3,2014,0.174442190669371,0.25,0
"1168",8.9,3,2014,0.160243407707911,11.75,0
"1169",8.9,3,2014,0.147171512283076,2.5,5
"1170",8.9,3,2014,0.145143114717152,6.5,0
"1171",8.6,4,2014,0.140184809556007,13.25,0
"1172",9,4,2014,0.139508677034033,12,1.5
"1173",8.6,4,2014,0.174216813162047,10.5,0
"1174",9,4,2014,0.263466306062656,12.5,0
"1175",8,5,2014,0.325895875591617,13.75,0
"1176",9.3,5,2014,0.423484336263243,12,5.75
"1177",13.1,5,2014,0.775298625197207,12,9.5
"1178",14.6,6,2014,0.875591615956728,15,22
"1179",15.7,6,2014,0.943204868154159,15.75,10.5
"1180",14.5,7,2014,0.981068289384721,21,0
"1181",13.6,7,2014,0.980392156862745,21,0
"1182",13.1,7,2014,0.978363759296824,23.5,0
"1183",12.4,7,2014,0.973405454135678,24.75,0
"1184",11.7,8,2014,0.967094883930586,25.75,0
"1185",10.2,8,2014,0.957178273608294,22,0
"1186",10.9,8,2014,0.94793779580798,21.75,0
"1187",11.1,8,2014,0.946360153256705,22,1
"1188",10.6,9,2014,0.939035384268652,21.75,0
"1189",10,9,2014,0.915483434753212,18.5,0
"1190",10.4,9,2014,0.901510029299076,12,2
"1191",10.2,10,2014,0.884381338742394,14,0
"1192",10.2,10,2014,0.86387198557584,9.75,2
"1193",9.6,10,2014,0.841334234843363,17.5,0
"1194",9.8,10,2014,0.82465629930133,14,4.5
